<?xml version="1.0" encoding="UTF-8"?>
<!DOCTYPE tiles-definitions PUBLIC "-//Apache Software Foundation//DTD Tiles Configuration 2.0//EN"
"http://tiles.apache.org/dtds/tiles-config_2_0.dtd">
<tiles-definitions>
	<definition name="mainpage"
		template="/WEB-INF/views/template/admin/mainLayout.jsp">
		<put-attribute name="title" value="관리자 페이지" />
		<put-attribute name="header"
			value="/WEB-INF/views/template/admin/header.jsp" />
		<put-attribute name="sub"
			value="/WEB-INF/views/template/admin/sub.jsp" />
		<put-attribute name="left"
			value="/WEB-INF/views/template/admin/left.jsp" />
		<put-attribute name="main"
			value="/WEB-INF/views/admin/adminmain/adminmain.jsp" />
	</definition>
	<definition name="admin"
		template="/WEB-INF/views/template/admin/contentLayout.jsp">
		<put-attribute name="title" value="관리자 페이지" />
		<put-attribute name="header"
			value="/WEB-INF/views/template/admin/header.jsp" />
		<!-- <put-attribute name="sub" value="/WEB-INF/views/template/admin/sub.jsp" 
			/> -->
		<put-attribute name="left"
			value="/WEB-INF/views/template/admin/left.jsp" />
		<put-attribute name="sub" value="" />
		<put-attribute name="main" value="" />

	</definition>
	<definition name="admin/notice/*" extends="admin">
		<put-attribute name="title" value="공지사항" />
		<put-attribute name="main"
			value="/WEB-INF/views/admin/notice/{1}.jsp" />
	</definition>

	<definition name="admin/qna/*" extends="admin">
		<put-attribute name="title" value="고객문의" />
		<put-attribute name="main" value="/WEB-INF/views/admin/qna/{1}.jsp" />

	</definition>
	<definition name="admin/resume/*" extends="admin">
		<put-attribute name="title" value="인재정보" />
		<put-attribute name="main"
			value="/WEB-INF/views/admin/resume/{1}.jsp" />
	</definition>
	<definition name="admin/static/*" extends="admin">
		<put-attribute name="title" value="인재정보" />
		<put-attribute name="main"
			value="/WEB-INF/views/admin/static/{1}.jsp" />
	</definition>
	<definition name="admin/reple/*" extends="admin">
		<put-attribute name="title" value="인재정보" />
		<put-attribute name="main" value="/WEB-INF/views/admin/reple/{1}.jsp" />
	
	</definition>

	<definition name="admin/hire/*" extends="admin">
		<put-attribute name="title" value="채용정보" />

		<put-attribute name="main" value="/WEB-INF/views/admin/hire/{1}.jsp" />
	</definition>

	<definition name="admin/main/*" extends="admin">
		<put-attribute name="title" value="채용정보" />

		<put-attribute name="main" value="/WEB-INF/views/admin/main/{1}.jsp" />
	</definition>






</tiles-definitions>