<?xml version="1.0" encoding="UTF-8"?>
<!DOCTYPE tiles-definitions PUBLIC "-//Apache Software Foundation//DTD Tiles Configuration 2.0//EN"
"http://tiles.apache.org/dtds/tiles-config_2_0.dtd">
<tiles-definitions>
	<definition name="intro"
		template="/WEB-INF/views/template/client/mainLayout.jsp">
		<put-attribute name="title" value="IT전문 구인구직 사이트 FIT" />
		<put-attribute name="header"
			value="/WEB-INF/views/template/client/header.jsp" />
		<put-attribute name="footer"
			value="/WEB-INF/views/template/client/footer.jsp" />
	</definition>
	<definition name="content"
		template="/WEB-INF/views/template/client/contentLayout.jsp">
		<put-attribute name="title" value="IT전문 구인구직 사이트 FIT" />
		<put-attribute name="header"
			value="/WEB-INF/views/template/client/header.jsp" />
		<put-attribute name="body" value="" />
		<put-attribute name="left" value="" />
		<put-attribute name="footer"
			value="/WEB-INF/views/template/client/footer.jsp" />
	</definition>
	<definition name="member/*" extends="content">
		<put-attribute name="title" value="" />
		<put-attribute name="body" value="/WEB-INF/views/member/{1}.jsp" />
	</definition>
	<definition name="resume/*" extends="content">
		<put-attribute name="title" value="인재정보" />
		<put-attribute name="body" value="/WEB-INF/views/resume/{1}.jsp" />
	</definition>
	<definition name="hire/*" extends="content">
		<put-attribute name="title" value="채용공고" />
		<put-attribute name="body" value="/WEB-INF/views/hire/{1}.jsp" />
	</definition>
	<definition name="notice/*" extends="content">
		<put-attribute name="title" value="고객센터" />
		<put-attribute name="left" value="/WEB-INF/views/left/left.jsp" />
		<put-attribute name="body" value="/WEB-INF/views/notice/{1}.jsp" />
	</definition>
	<definition name="qna/*" extends="content">
		<put-attribute name="title" value="고객센터" />
		<put-attribute name="left" value="/WEB-INF/views/left/left.jsp" />
		<put-attribute name="body" value="/WEB-INF/views/qna/{1}.jsp" />
	</definition>



</tiles-definitions>