<?xml version="1.0" encoding="UTF-8"?>
<beans:beans xmlns="http://www.springframework.org/schema/mvc"
	xmlns:xsi="http://www.w3.org/2001/XMLSchema-instance" xmlns:context="http://www.springframework.org/schema/context"
	xmlns:aop="http://www.springframework.org/schema/aop" xmlns:beans="http://www.springframework.org/schema/beans"
	xmlns:p="http://www.springframework.org/schema/p" xmlns:util="http://www.springframework.org/schema/util"
	xsi:schemaLocation="http://www.springframework.org/schema/mvc http://www.springframework.org/schema/mvc/spring-mvc.xsd
		http://www.springframework.org/schema/context http://www.springframework.org/schema/context/spring-context.xsd
		http://www.springframework.org/schema/beans http://www.springframework.org/schema/beans/spring-beans.xsd
		http://www.springframework.org/schema/aop http://www.springframework.org/schema/aop/spring-aop-4.2.xsd
		http://www.springframework.org/schema/util http://www.springframework.org/schema/util/spring-util-4.2.xsd">

	<!-- DispatcherServlet Context: defines this servlet's request-processing 
		infrastructure -->

	<!-- 어노테이션 설정 -->
	<context:annotation-config />

	<!-- Enables the Spring MVC @Controller programming model -->
	<annotation-driven />

	<!-- Handles HTTP GET requests for /resources/** by efficiently serving 
		up static resources in the ${webappRoot}/resources directory -->
	<resources mapping="/uploadStorage/**" location="/uploadStorage/" />
	<resources location="/resources/" mapping="/resources/**"></resources>

	<!-- Resolves views selected for rendering by @Controllers to .jsp resources 
		in the /WEB-INF/views directory <beans:bean class="org.springframework.web.servlet.view.InternalResourceViewResolver"> 
		<beans:property name="prefix" value="/WEB-INF/views/" /> <beans:property 
		name="suffix" value=".jsp" /> </beans:bean> -->

	<!-- 타일즈(tiles) 설정 -->
	<beans:bean id="tilesConfigurer"
		class="org.springframework.web.servlet.view.tiles2.TilesConfigurer">
		<beans:property name="definitions">
			<beans:list>
				<beans:value>/WEB-INF/tiles/tiles-setting.xml</beans:value>
				<beans:value>/WEB-INF/tiles/admin-setting.xml</beans:value>
				<!-- 관리자 페이지 추가시 윗줄 주석 해제 -->
			</beans:list>
		</beans:property>
	</beans:bean>

	<beans:bean id="tilesViewResolver"
		class="org.springframework.web.servlet.view.UrlBasedViewResolver">
		<beans:property name="viewClass"
			value="org.springframework.web.servlet.view.tiles2.TilesView" />
		<beans:property name="order" value="1" /> <!-- 우선순위설정 -->
	</beans:bean>
	<beans:bean id="viewResolver"
		class="org.springframework.web.servlet.view.InternalResourceViewResolver">
		<beans:property name="prefix" value="/WEB-INF/views/" />
		<beans:property name="suffix" value=".jsp" />
		<beans:property name="order" value="2" />
	</beans:bean>

	<beans:bean id="resourceBundleViewResolver"
		class="org.springframework.web.servlet.view.ResourceBundleViewResolver"
		p:order="0">
		<beans:property name="basename" value="views"></beans:property>
	</beans:bean>


	<!-- 첨부파일을 위한 설정 -->
	<beans:bean id="multipartResolver"
		class="org.springframework.web.multipart.commons.CommonsMultipartResolver">
		<beans:property name="defaultEncoding" value="UTF-8" />
		<beans:property name="maxUploadSize" value="5242880" />
	</beans:bean>

	<context:component-scan base-package="com.fit.**.**.**" />
	<beans:bean class="org.springframework.web.servlet.ModelAndView" />
	<!-- <context:component-scan base-package="com.fit.client.member.controller" 
		/> -->

 
 
</beans:beans>