<?xml version="1.0" encoding="UTF-8"?>
<!DOCTYPE mapper PUBLIC "-//mybatis.org//DTD Mapper 3.0//EN"
  "http://mybatis.org/dtd/mybatis-3-mapper.dtd">
<mapper namespace="com.fit.admin.chart.dao.ChartDAO">

	<!-- 상세 페이지를 위한 게시물 조회 -->
	<select id="admincomeonList" resultType="comeOnCompany">
		select come_num,
		come_hire, come_name, come_phone, come_email, come_msg,
		come_date, m.userid member, c.userid company, c_companyName, userName
		from
		comeoncompany come,
		member m, company c
		where come.m_num = m.m_num and
		come.c_num = c.c_num
	</select>
	<select id="admininterList" resultType="interviewApply">
		select inter_num,
		inter_hire, inter_name, inter_phone, inter_email, inter_msg,
		inter_date, m.userid member, c.userid company, c_companyName, userName
		from
		interviewApply i,
		member m, company c
		where i.m_num = m.m_num and
		i.c_num = c.c_num
	</select>

	<select id="adminemailList" resultType="email">
		select e_num, e_title, e_resume, e_file, e_phone, e_email, e_date, m.userid member, c.userid company, c_companyName, userName from
		email e,
		member m, company c
		where e.m_num = m.m_num and e.c_num = c.c_num
	</select>

	<select id="adminonlineList" resultType="online">
		select o_num, o_title, o_resume, o_file, o_phone, o_email, o_date, m.userid member, c.userid company, c_companyName, userName from
		onlineApply o,
		member m, company c
		where o.m_num = m.m_num and o.c_num = c.c_num
	</select>


</mapper>