<?xml version="1.0" encoding="UTF-8"?>
<!DOCTYPE mapper PUBLIC "-//mybatis.org//DTD Mapper 3.0//EN"
  "http://mybatis.org/dtd/mybatis-3-mapper.dtd">
<mapper namespace="com.fit.admin.chart.dao.ChartDAO">

	<!-- 상세 페이지를 위한 게시물 조회 -->
	<select id="adminchartView" parameterType="int" resultType="adminchart">
		SELECT
		(SELECT COUNT(*) FROM qna)qnalist,
		(SELECT COUNT(*) FROM notice) noticelist,
		(SELECT COUNT(*) FROM comeoncompany)comeoncompanylist,
		(SELECT COUNT(*) FROM email) emaillist,
		(SELECT COUNT(*) FROM interviewapply) interviewlist,
		(SELECT COUNT(*) FROM onlineApply) onlinelist
		FROM DUAL
	</select>



	<!-- 상세 페이지를 위한 게시물 조회 -->
	<select id="chartView" parameterType="int" resultType="chart">
		SELECT
		(SELECT COUNT(*) FROM resume)resume_count,
		(SELECT COUNT(*) FROM hire) hire_COUNT,
		(SELECT COUNT(*) FROM member) member_COUNT,
		(SELECT COUNT(*) FROM company) company_COUNT
		FROM DUAL
	</select>
	<!-- 상세 페이지를 위한 게시물 조회 -->
	<select id="memberchart" parameterType="int" resultType="memberchart">
		SELECT
		(SELECT COUNT(*) FROM member where M_JOINDATE between '18/01/01' and
		'18/01/31') one,
		(SELECT COUNT(*) FROM member where M_JOINDATE between '18/02/01' and
		'18/02/28') two,
		(SELECT COUNT(*) FROM member where M_JOINDATE between '18/03/01' and
		'18/03/31') three,
		(SELECT COUNT(*) FROM member where M_JOINDATE between '18/04/01' and
		'18/04/30') four,
		(SELECT COUNT(*) FROM member where M_JOINDATE between '18/05/01' and
		'18/05/31') five,
		(SELECT COUNT(*) FROM member where M_JOINDATE between '18/06/01' and
		'18/06/30') six,
		(SELECT COUNT(*) FROM member where M_JOINDATE between '18/07/01' and
		'18/07/31') seven,
		(SELECT COUNT(*) FROM member where M_JOINDATE between '18/08/01' and
		'18/08/31') eight,
		(SELECT COUNT(*) FROM member where M_JOINDATE between '18/09/01' and
		'18/09/30') nine,
		(SELECT COUNT(*) FROM member where M_JOINDATE between '18/10/01' and
		'18/10/31') ten,
		(SELECT COUNT(*) FROM member where M_JOINDATE between '18/11/01' and
		'18/11/30') eleven,
		(SELECT COUNT(*) FROM member where M_JOINDATE between '18/12/01' and
		'18/12/31') twelve
		FROM DUAL
	</select>
	<select id="companychart" parameterType="int" resultType="companychart">
		SELECT
		(SELECT COUNT(*) FROM company where c_JOINDATE between '18/01/01' and
		'18/01/31') one,
		(SELECT COUNT(*) FROM company where c_JOINDATE between '18/02/01' and
		'18/02/28') two,
		(SELECT COUNT(*) FROM company where c_JOINDATE between '18/03/01' and
		'18/03/31') three,
		(SELECT COUNT(*) FROM company where c_JOINDATE between '18/04/01' and
		'18/04/30') four,
		(SELECT COUNT(*) FROM company where c_JOINDATE between '18/05/01' and
		'18/05/31') five,
		(SELECT COUNT(*) FROM company where c_JOINDATE between '18/06/01' and
		'18/06/30') six,
		(SELECT COUNT(*) FROM company where c_JOINDATE between '18/07/01' and
		'18/07/31') seven,
		(SELECT COUNT(*) FROM company where c_JOINDATE between '18/08/01' and
		'18/08/31') eight,
		(SELECT COUNT(*) FROM company where c_JOINDATE between '18/09/01' and
		'18/09/30') nine,
		(SELECT COUNT(*) FROM company where c_JOINDATE between '18/10/01' and
		'18/10/31') ten,
		(SELECT COUNT(*) FROM company where c_JOINDATE between '18/11/01' and
		'18/11/30') eleven,
		(SELECT COUNT(*) FROM company where c_JOINDATE between '18/12/01' and
		'18/12/31') twelve
		FROM DUAL
	</select>

</mapper>