<?xml version="1.0" encoding="UTF-8" ?>
<!DOCTYPE mapper PUBLIC "-//mybatis.org//DTD Mapper 3.0//EN"
  "http://mybatis.org/dtd/mybatis-3-mapper.dtd">

<mapper namespace="com.fit.client.hire.dao.HireDAO">

	<!-- 내 채용공고 조회 -->
	<select id="myHire" parameterType="int" resultType="hire">
		SELECT *
		from
		hire
		where c_num = #{c_num}
	</select>


	<!-- 게시물 기본 조회 <select id="hireList" resultType="hire"> SELECT * FROM hire 
		a, company b where a.C_num = b.C_num </select> -->
	<!-- 게시물 전체 조회 -->
	<select id="hireList" parameterType="hire" resultType="hire">
		select *
		from (select list.*, rownum rnum from (select * from
		hire)list) a,
		(select list.* from (select * from company)list) b


		<!-- select * from ( select list.* ROWNUM as RNUM from ( <include refid="resumeCommon"></include> 
			)list) -->
		<where>
			a.c_num = b.c_num
			<if test="start_row != null and start_row != ''">
				<if test="end_row 
			!= null and end_row != ''"> and RNUM BETWEEN #{start_row} AND #{end_row} </if>
			</if>

		</where>
		<choose>
			<when test="order_sc=='ASC'"> ORDER BY h_insertdate ASC </when>
			<when test="order_sc=='DESC'"> ORDER BY h_insertdate DESC </when>

		</choose>
	</select>
	<!-- 게시물 전체 개수 -->
	<select id="hireListCnt" parameterType="hire" resultType="int">
		SELECT
		NVL(count(1), 0) FROM
		( SELECT list.*,
		ROWNUM AS RNUM
		FROM (
		select * from
		hire
		ORDER BY h_num desc
		) list
		)
	</select>
	<!-- 상세 페이지를 위한 게시물 조회 -->
	<select id="hireDetail" parameterType="int" resultType="hire">
		select
		*
		from company c, hire h
		where c.c_num = h.c_num and h.h_num =
		#{h_num}
	</select>
	<!-- 게시물 등록 -->
	<insert id="hireInsert" parameterType="hire">
		insert into hire values(
		hire_seq.nextval,
		#{h_choice},
		#{h_major},
		#{h_salary},
		#{h_location},
		#{h_career},
		#{h_gender},
		#{h_workType},
		#{h_insurance},
		#{h_title},
		#{h_hiredetail},
		#{h_accept},
		#{h_resumeForm},
		sysdate,
		#{h_deadLine},
		#{h_count},
		#{h_workDay},
		#{c_num}
		)
	</insert>
	<select id="hireLiveList" resultType="hire">

		SELECT *
		FROM hire a,
		company b
		where a.C_num = b.C_num and <![CDATA[sysdate < a.h_deadline]]>

	</select>
	<select id="hireDeadList" resultType="hire">
		SELECT *
		FROM hire a,
		company b
		where a.C_num = b.C_num and <![CDATA[a.h_deadline < sysdate]]>
	</select>
	
	<select id="hireLiveListCount" resultType="int">
		select count(*) from hire a, company b where a.C_num = b.C_num and <![CDATA[sysdate < a.h_deadline]]>
	</select>
	
	<select id="hireDeadListCount" resultType="int">
		select count(*) from hire a, company b where a.C_num = b.C_num and <![CDATA[a.h_deadline < sysdate]]>
	</select>
</mapper>
