<?xml version="1.0" encoding="UTF-8" ?>
<!DOCTYPE mapper PUBLIC "-//mybatis.org//DTD Mapper 3.0//EN"
  "http://mybatis.org/dtd/mybatis-3-mapper.dtd">

<mapper namespace="com.fit.client.member.dao.MemberDao">

	<select id="securitySelect" parameterType="String" resultType="security">
		select userId, salt from security
		where userId=#{userId}
	</select>

	<insert id="securityInsert" parameterType="security">
		insert into
		security(userId, salt)
		values(#{userId}, #{salt})
	</insert>

	<delete id="securityDelete" parameterType="String">
		delete from security
		where userId = #{userId}
	</delete>

	<select id="memberSelect" parameterType="String" resultType="member">
		select *
		from member
		where userId = #{userId}
	</select>

	<insert id="memberInsert" parameterType="member">
		/* member - memberInsert */
		<selectKey keyProperty="m_num" resultType="int" order="BEFORE">
			select member_seq.nextval from dual
		</selectKey>
		insert into member
		values(#{m_num}, #{userName}, #{userId}, #{userPw},
		#{m_phone}, #{email}, #{address}, #{m_year}, #{m_gender}, sysdate,
		#{m_status})
	</insert>

	<update id="memberUpdate" parameterType="member">
		update member set
		<if test="userPw != null and userPw != ''">
			userPw=#{userPw},
		</if>
		m_phone = #{m_phone}, m_year = #{m_year},
		email =
		#{email}, address =
		#{address}, m_status =
		#{m_status}
		where userId=#{userId}
	</update>


	<delete id="memberDelete" parameterType="String">
		delete from member where
		userId = #{userId}
	</delete>

	<select id="companySelect" parameterType="String" resultType="company">
		select *
		from company
		where userId = #{userId}
	</select>
	<insert id="companyInsert" parameterType="company">
		/* member - memberInsert */
		<selectKey keyProperty="c_num" resultType="int" order="BEFORE">
			select company_seq.nextval from dual
		</selectKey>
		insert into company
		values(#{c_num}, #{c_logo}, #{c_photo},
		#{c_companyName},
		#{c_name}, #{userId}, #{userPw}, #{address},
		#{c_tel}, #{c_phone},#{c_fax},#{email},#{c_homepage},
		#{c_companyNumber}, sysdate)
	</insert>
	<update id="companyUpdate" parameterType="company">
		update company set
		<if test="userPw != null and userPw != ''">
			userPw=#{userPw},
		</if>
		c_logo = #{c_logo},
		c_photo = #{c_photo},
		address = #{address},
		c_tel =
		#{c_tel},
		c_phone = #{c_phone},
		email = #{email},
		c_homepage =
		#{c_homepage}
		where
		userId=#{userId}
	</update>

	<!-- 이메일 입사지원 -->
	<insert id="emailInsert" parameterType="email">
		insert into email
		values(email_seq.nextval, #{e_title}, #{e_resume}
		<if test="e_file != null and e_file != ''">
			,#{e_file}
		</if>
		,#{e_phone}, #{e_email}, sysdate, #{h_num}, #{m_num}, #{c_num})
	</insert>

	<!-- 온라인 입사지원 -->
	<insert id="onlineInsert" parameterType="online">
		insert into onlineApply
		values(onlineApply_seq.nextval, #{o_title},
		#{o_resume}
		<if test="o_file != null and o_file != ''">
			,#{o_file}
		</if>
		,#{o_phone}, #{o_email}, sysdate, #{h_num}, #{m_num}, #{c_num})
	</insert>


	<!-- 입사지원 요청 -->
	<insert id="comeOnInsert" parameterType="comeOnCompany">
		insert into
		comeOnCompany
		values(comeOnCompany_seq.nextval, #{come_hire},
		#{come_name},#{come_phone},#{come_email}, #{come_msg}, sysdate,
		#{m_num} , #{c_num})
	</insert>

	<!-- 면접제의 요청 -->
	<insert id="interviewApply" parameterType="interviewApply">
		insert into
		interviewApply
		values(interviewApply_seq.nextval, #{inter_hire},
		#{inter_name},#{inter_phone},#{inter_email}, #{inter_msg}, sysdate,
		#{m_num}, #{c_num})
	</insert>

	<!-- 게시물 기본 조회 -->
	<select id="comeOnCompanyList" parameterType="int" resultType="comeOnCompany">
		select * from
		comeOnCompany
		where m_num = #{m_num}
	</select>

	<!-- 게시물 기본 조회 -->
	<select id="interviewList" parameterType="int" resultType="interviewApply">
		select * from
		interviewApply
		where m_num = #{m_num}
	</select>

	<!-- 온라인지원 조회 -->
	<select id="onlineList" parameterType="int" resultType="online">
		select *
		from
		hire h, company c
		where h.c_num = c.c_num and h_num IN (select
		h_num
		from onlineApply where m_num = #{m_num})
	</select>

	<!-- 이메일지원 조회 -->
	<select id="emailList" parameterType="int" resultType="email">
		select *
		from
		hire h, company c
		where h.c_num = c.c_num and h_num IN (select
		h_num
		from email where m_num = #{m_num})
	</select>

	<select id="comeOnList" parameterType="int" resultType="comeOnCompany">
		select *
		from
		resume r, member m
		where r.m_num = m.m_num and m.m_num IN (select
		m_num from comeOnCompany where c_num = #{c_num})
	</select>


	<select id="onlineList_company" parameterType="int" resultType="online">
		select * from
		onlineApply
		where h_num IN (select h_num from hire where
		c_num = #{c_num})
	</select>

	<select id="interviewApply_company" parameterType="interviewApply"
		resultType="interviewApply">
		select * from
		resume a, member b
		where b.m_num in (select
		m_num from interviewApply
		where c_num = #{c_num})
	</select>

	<!-- 기업회원 온라인 입사지원 수 -->
	<select id="online_companyCount" parameterType="online"
		resultType="int">
		select count(*) from onlineApply where c_num = #{c_num}
	</select>

	<!-- 기업회원 입사지원요청기업 수 -->
	<select id="comeOnCount" parameterType="comeOnCompany"
		resultType="int">
		select count(*)
		from
		resume r, member m
		where r.m_num =
		m.m_num and m.m_num IN (select
		m_num from comeOnCompany where c_num =
		#{c_num})
	</select>

	<!-- 기업회원 면접제의요청기업 수 -->
	<select id="interviewApply_companyCount" parameterType="interviewApply"
		resultType="int">
		select count(*) from interviewApply where c_num = #{c_num}
	</select>

	<!-- 개인회원 온라인 입사지원 수 -->
	<select id="onlineCount" parameterType="online" resultType="int">
		select count(*)
		from
		hire h, company c
		where h.c_num = c.c_num and h_num
		IN (select
		h_num
		from onlineApply where m_num = #{m_num})
	</select>

	<!-- 개인회원 이메일 입사지원 수 -->
	<select id="emailCount" parameterType="email" resultType="int">
		select
		count(*)
		from
		hire h, company c
		where h.c_num = c.c_num and h_num IN
		(select
		h_num
		from email where m_num = #{m_num})
	</select>

	<!-- 개인회원 입사지원요청기업 수 -->
	<select id="comeOnCompanyCount" parameterType="comeOnCompany"
		resultType="int">
		select count(*) from comeOnCompany where m_num = #{m_num}
	</select>

	<!-- 개인회원 면접제의요청기업 수 -->
	<select id="interviewApplyCount" parameterType="interviewApply"
		resultType="int">
		select count(*) from interviewApply where m_num = #{m_num}
	</select>


</mapper>
