<?xml version="1.0" encoding="UTF-8"?>
<!DOCTYPE mapper PUBLIC "-//mybatis.org//DTD Mapper 3.0//EN"
  "http://mybatis.org/dtd/mybatis-3-mapper.dtd">
<mapper namespace="com.fit.client.notice.dao.NoticeDAO">

	<!-- 상세 페이지를 위한 게시물 조회 -->
	<select id="noticeDetail" parameterType="int" resultType="notice">
		SELECT
		* FROM NOTICE where N_num = #{N_num}
	</select>

	<!-- 게시물 기본 조회 -->
	<!-- <select id="noticeList" resultType="notice"> SELECT * FROM NOTICE where 
		userId = 'admin1' </select> -->
	<!-- 게시물 전체 조회 -->
	<select id="noticeList" parameterType="notice" resultType="notice">
		SELECT *
		FROM
		( SELECT list.*,
		ROWNUM AS RNUM
		FROM
		(
		select * from notice

		)list
		)
		<where>
			<if test="start_row != null and start_row != ''">
				<if test="end_row != null and end_row != ''">
					RNUM BETWEEN #{start_row} AND #{end_row}
				</if>
			</if>
		</where>
		<choose>
			<when test="order_by=='n_num'"> ORDER BY n_num </when>
			<when test="order_by=='n_writedate'"> ORDER BY n_writedate </when>
		</choose>
		<choose>
			<when test="order_sc=='ASC'"> ASC </when>
			<when test="order_sc=='DESC'"> DESC  </when>
		</choose>
	</select>

	<!-- 게시물 전체 개수 -->
	<select id="noticeListCnt" parameterType="notice" resultType="int">
		
		SELECT NVL(count(1), 0) FROM
		( SELECT list.*,
		ROWNUM AS RNUM
		FROM (
		select * from notice
		ORDER BY n_num desc
		) list
		)

	</select>
</mapper>