<?xml version="1.0" encoding="UTF-8"?>
<!DOCTYPE mapper PUBLIC "-//mybatis.org//DTD Mapper 3.0//EN"
  "http://mybatis.org/dtd/mybatis-3-mapper.dtd">
<mapper namespace="com.fit.client.qna.dao.QnaDAO">

	<!-- 게시물 전체 조회 -->
	<select id="qnaList" parameterType="qna" resultType="qna">
		SELECT *
		FROM
		( SELECT list.*,
		ROWNUM AS RNUM
		FROM
		(
		select * from qna

		)list
		)
		<where>
			<if test="start_row != null and start_row != ''">
				<if test="end_row 
			!= null and end_row != ''"> RNUM BETWEEN #{start_row} AND #{end_row} </if>
			</if>
		</where>
		<choose>
			<when test="order_sc=='ASC'"> ORDER BY q_date ASC </when>
			<when test="order_sc=='DESC'"> ORDER BY q_date DESC  </when>
		</choose>
	</select>
	<!-- 게시물 전체 개수 -->
	<select id="qnaListCnt" parameterType="qna" resultType="int">

		SELECT
		NVL(count(1), 0) FROM
		( SELECT list.*,
		ROWNUM AS RNUM
		FROM (
		select * from
		qna
		ORDER BY q_num desc
		) list
		)

	</select>
	<!-- 게시물 등록 -->
	<insert id="insertQna" parameterType="qna">
		INSERT INTO qna
		VALUES(
		qna_seq.nextval
		,#{Q_title}
		,#{q_content}
		,#{userId}
		,#{whichmember}
		,sysdate
		,#{Q_email}
		,#{Q_secret}
		,#{Q_link}
		,#{Q_answer}
		)
	</insert>

	<select id="qnaDetail" parameterType="int" resultType="qna">
		SELECT *
		FROM qna where Q_num=#{Q_num}
	</select>
	<update id="qnaSelect" parameterType="int">
		update qna set
		Q_answer =
		'Y'
		where Q_num=#{Q_num}
	</update>



</mapper>