<?xml version="1.0" encoding="UTF-8" ?>
<!DOCTYPE mapper PUBLIC "-//mybatis.org//DTD Mapper 3.0//EN"
  "http://mybatis.org/dtd/mybatis-3-mapper.dtd">

<mapper namespace="com.fit.client.resume.dao.ResumeDAO">

	<!-- 게시물 기본 조회 -->
	<!-- <select id="resumeList" resultType="resume"> SELECT * FROM resume a, 
		member b where a.M_num = b.M_num </select> -->
	<sql id="resumeCommon">
		SELECT *
		FROM resume a, member b
		where a.m_num = b.m_num

	</sql>

	<!-- 게시물 전체 조회 -->
	<select id="resumeList" parameterType="resume" resultType="resume">
		select *
		from (select list.*, rownum rnum from (select * from
		resume)list) a,
		(select list.* from (select * from member)list) b
		<where>
			a.M_num = b.M_num
			<if test="start_row != null and start_row != ''">
				<if test="end_row 
			!= null and end_row != ''"> AND RNUM BETWEEN #{start_row} AND #{end_row} </if>
			</if>

		</where>
		<choose>
			<when test="order_sc=='ASC'"> ORDER BY r_joindate ASC </when>
			<when test="order_sc=='DESC'"> ORDER BY r_joindate DESC </when>
		</choose>
	</select>

	<!-- 게시물 전체 개수 -->
	<select id="resumeListCnt" parameterType="resume" resultType="int">
		SELECT NVL(count(1), 0) FROM
		( SELECT list.*,
		ROWNUM AS RNUM
		FROM (
		select * from resume
		ORDER BY r_num desc
		) list
		)

	</select>
	<!-- 내 게시물 기본 조회 -->
	<select id="myResumeList" parameterType="resume" resultType="resume">
		/*
		resume - resumeList */
		SELECT * FROM resume a, member b where a.m_num =
		#{m_num} and b.m_num = #{m_num}
	</select>

	<!-- 상세 페이지를 위한 게시물 조회 -->
	<select id="resumeDetail" parameterType="int" resultType="resume">
		select
		*
		from member m, resume r
		where m.m_num = r.m_num and r.r_num =
		#{r_num}
	</select>

	<!-- 게시물 등록 -->
	<insert id="resumeInsert" parameterType="resume">
		/* resume - registeForm
		*/
		insert into resume
		values(
		resume_seq.nextval,
		#{R_level},
		#{R_career},
		#{R_detail},
		#{R_choice},
		#{R_major},
		#{R_workType},
		#{R_salary},
		#{R_location},
		#{R_title},
		#{R_selfInfo},
		#{R_profile},
		#{R_resumeFile},
		sysdate,
		#{m_num}
		)
	</insert>

	<!-- 개인회원 이력서 등록 수 -->
	<select id="resumeCount" parameterType="resume" resultType="int">
		select count(*) from resume where m_num = #{m_num}
	</select>





</mapper>
