<?xml version="1.0" encoding="UTF-8"?>
<beans xmlns="http://www.springframework.org/schema/beans"
	xmlns:xsi="http://www.w3.org/2001/XMLSchema-instance"
	xmlns:aop="http://www.springframework.org/schema/aop"
	xmlns:tx="http://www.springframework.org/schema/tx"
	xsi:schemaLocation="http://www.springframework.org/schema/beans http://www.springframework.org/schema/beans/spring-beans.xsd
		http://www.springframework.org/schema/aop http://www.springframework.org/schema/aop/spring-aop-4.2.xsd
		http://www.springframework.org/schema/tx http://www.springframework.org/schema/tx/spring-tx-4.2.xsd">

	<!-- Root Context: defines shared resources visible to all other web components -->
	<!-- DB Connection -->
	<!-- DataSource -->
	<bean id="dataSource" class="org.springframework.jndi.JndiObjectFactoryBean">
		<property name="jndiName" value="java:comp/env/jdbc/Oracle11g" />
	</bean>
	<!-- Mybatis Setting -->
	<!-- - SqlSessionFactory는 데이터베이스와의 연결과 SQL의 실행에 대한 모든 것을 가진 가장 중요한 객체이다. 
		- SqlSessionFactory를 생성해 주는 객체를 설정해 주어야 하는데 SqlSessionFactoryBean 이라는 클래스이다. -->
	<bean id="sqlSessionFactory" class="org.mybatis.spring.SqlSessionFactoryBean">
		<property name="dataSource" ref="dataSource" />
		<property name="configLocation" value="classpath:config/mybatis-config.xml" />
		<property name="mapperLocations" value="classpath:query/*.xml" />
	</bean>
	<bean id="sqlSession" class="org.mybatis.spring.SqlSessionTemplate"
		destroy-method="clearCache">
		<constructor-arg name="sqlSessionFactory" ref="sqlSessionFactory" />
	</bean>
	<!-- a PlatformTransactionManager is still required -->
	<bean id="transactionManager"
		class="org.springframework.jdbc.datasource.DataSourceTransactionManager">
		<property name="dataSource" ref="dataSource" />
	</bean>
	<bean class="org.mybatis.spring.mapper.MapperScannerConfigurer">
		<property name="basePackage">
			<value>com.fit.**.**.dao</value>
		</property>
	</bean>

	<bean id="jsonView"
		class="org.springframework.web.servlet.view.json.MappingJackson2JsonView" />

	<!-- 이메일 보내기 -->
	<bean id="javaMailSender" class="org.springframework.mail.javamail.JavaMailSenderImpl">
		<property name="host" value="smtp.gmail.com" />
		<property name="port" value="587" />
		<property name="username" value="styleo4401@gmail.com" />
		<property name="password" value="100827a3" />
		<property name="javaMailProperties">
			<props>
				<prop key="mail.smtp.ssl.trust">smtp.gmail.com</prop>
				<prop key="mail.smtp.starttls.enable">true</prop>
				<prop key="mail.smtp.auth">true</prop>
			</props>
		</property>
	</bean>
	<bean id="mailService" class="com.fit.client.member.service.MailServiceImpl"></bean>
	

</beans>