<?xml version="1.0" encoding="UTF-8" ?>
<!DOCTYPE configuration
  PUBLIC "-//mybatis.org//DTD Config 3.0//EN"
  "http://mybatis.org/dtd/mybatis-3-config.dtd">
<configuration>
	

	<typeAliases>
		<typeAlias type="com.fit.client.login.vo.LoginVO" alias="login"/>
		<typeAlias type="com.fit.client.member.vo.MemberVO" alias="member"/>
		<typeAlias type="com.fit.client.member.vo.CompanyVO" alias="company"/>
		<typeAlias type="com.fit.client.member.vo.MemberSecurity" alias="security"/>
		<typeAlias type="com.fit.client.resume.vo.ResumeVO" alias="resume" />
		<typeAlias type="com.fit.client.hire.vo.HireVO" alias="hire" />
		<typeAlias type="com.fit.client.notice.vo.NoticeVO" alias="notice" />
		<typeAlias type="com.fit.client.qna.vo.QnaVO" alias="qna" />
		<typeAlias type="com.fit.admin.reple.vo.RepleVO" alias="reple" />
		<typeAlias type="com.fit.common.vo.OnlineVO" alias="online"/>
		<typeAlias type="com.fit.common.vo.ComeOnCompanyVO" alias="comeOnCompany"/>
		<typeAlias type="com.fit.common.vo.InterviewApplyVO" alias="interviewApply"/>
		<typeAlias type="com.fit.common.vo.EmailVO" alias="email"/>
		<typeAlias type="com.fit.admin.chart.vo.ChartVO" alias="chart" />
		<typeAlias type="com.fit.admin.chart.vo.MemberChartVO" alias="memberchart" />
		<typeAlias type="com.fit.admin.chart.vo.CompanyChartVO" alias="companychart" />
		<typeAlias type="com.fit.admin.chart.vo.AdminChartVO" alias="adminchart" />
	</typeAliases>


</configuration>
